USE PoeItDB;
-- Setup some development/testing data

-- Users
INSERT INTO User(userID, username, password, roleID, registrationDate) VALUES
(2, 'lodovico', '$APP_ADMIN_HASH', 1, '2022-08-02 00:12:21'),
(3, 'tommy', '$APP_ADMIN_HASH', 1, '2022-08-04 06:31:14'),
(4, 'maria', '$APP_ADMIN_HASH', 1, '2022-08-04 23:06:17'),
(5, 'lara', '$APP_ADMIN_HASH', 1, '2022-08-05 08:12:40'),
(6, '真綾', '$APP_ADMIN_HASH', 1, '2022-08-06 08:50:44'),
(7, 'conny', '$APP_ADMIN_HASH', 1, '2022-08-07 08:33:19'),
(8, 'くみ子', '$APP_ADMIN_HASH', 1, '2022-08-09 09:03:13'),
(9, '상호', '$APP_ADMIN_HASH', 1, '2022-08-09 19:53:27'),
(10, 'robert', '$APP_ADMIN_HASH', 1, '2022-08-10 05:40:17'),
(11, '종수', '$APP_ADMIN_HASH', 1, '2022-08-11 04:14:42'),
(12, 'micheletto', '$APP_ADMIN_HASH', 1, '2022-08-11 04:25:43'),
(13, 'измаил', '$APP_ADMIN_HASH', 1, '2022-08-13 16:05:45'),
(14, 'mats', '$APP_ADMIN_HASH', 1, '2022-08-14 02:51:42'),
(15, 'éric', '$APP_ADMIN_HASH', 1, '2022-08-15 08:56:28'),
(16, 'афанасий', '$APP_ADMIN_HASH', 1, '2022-08-15 09:14:14'),
(17, 'marcus', '$APP_ADMIN_HASH', 1, '2022-08-15 16:07:43'),
(18, '미경', '$APP_ADMIN_HASH', 1, '2022-08-15 17:40:56'),
(19, 'nanni', '$APP_ADMIN_HASH', 1, '2022-08-16 17:52:14'),
(20, '健一', '$APP_ADMIN_HASH', 1, '2022-08-16 20:20:14'),
(21, '예준', '$APP_ADMIN_HASH', 1, '2022-08-17 20:43:36'),
(22, 'bo', '$APP_ADMIN_HASH', 1, '2022-08-18 12:58:05'),
(23, '서현', '$APP_ADMIN_HASH', 1, '2022-08-26 04:54:33'),
(24, 'henry', '$APP_ADMIN_HASH', 1, '2022-08-27 13:42:48'),
(25, 'saturnina', '$APP_ADMIN_HASH', 1, '2022-08-27 16:47:03'),
(26, 'néstor', '$APP_ADMIN_HASH', 1, '2022-08-28 10:37:59'),
(27, 'charles', '$APP_ADMIN_HASH', 1, '2022-08-31 09:06:31'),
(28, 'élisabeth', '$APP_ADMIN_HASH', 1, '2022-09-03 11:19:45'),
(29, 'jonna', '$APP_ADMIN_HASH', 1, '2022-09-04 03:03:38'),
(30, 'mathilde', '$APP_ADMIN_HASH', 1, '2022-09-05 05:39:25'),
(31, 'ida', '$APP_ADMIN_HASH', 1, '2022-09-06 03:11:07'),
(32, 'пелагея', '$APP_ADMIN_HASH', 1, '2022-09-06 15:24:37'),
(33, 'lena', '$APP_ADMIN_HASH', 1, '2022-09-06 23:58:11'),
(34, 'inge', '$APP_ADMIN_HASH', 1, '2022-09-08 10:53:07'),
(35, 'émilie', '$APP_ADMIN_HASH', 1, '2022-09-11 15:18:59'),
(36, 'teresa', '$APP_ADMIN_HASH', 1, '2022-09-11 22:26:37'),
(37, 'harald', '$APP_ADMIN_HASH', 1, '2022-09-12 04:51:58'),
(38, 'майя', '$APP_ADMIN_HASH', 1, '2022-09-12 10:09:54'),
(39, 'maire', '$APP_ADMIN_HASH', 1, '2022-09-13 15:45:37'),
(40, '하은', '$APP_ADMIN_HASH', 1, '2022-09-13 18:19:58'),
(41, 'petter', '$APP_ADMIN_HASH', 1, '2022-09-14 08:52:38'),
(42, '加奈', '$APP_ADMIN_HASH', 1, '2022-09-22 12:53:02'),
(43, 'artur', '$APP_ADMIN_HASH', 1, '2022-09-25 04:21:29'),
(44, '陽一', '$APP_ADMIN_HASH', 1, '2022-09-26 10:39:44'),
(45, '성호', '$APP_ADMIN_HASH', 1, '2022-09-27 08:21:58'),
(46, 'emmi', '$APP_ADMIN_HASH', 1, '2022-09-27 11:44:09'),
(47, 'mauri', '$APP_ADMIN_HASH', 1, '2022-09-27 19:44:37'),
(48, 'isa', '$APP_ADMIN_HASH', 1, '2022-09-28 21:58:58'),
(49, 'sonja', '$APP_ADMIN_HASH', 1, '2022-09-29 13:59:14'),
(50, 'nicholas', '$APP_ADMIN_HASH', 1, '2022-09-30 09:59:08'),
(51, 'ипат', '$APP_ADMIN_HASH', 1, '2022-10-01 05:31:41');

-- Poems
INSERT INTO PrivatePoem(poemID, poemText, userID, timestamp) VALUES
(1, 'Ay, workman, make me a dream,\nA dream for my love.\nCunningly weave sunlight,\nBreezes, and flowers.\nLet it be of the cloth of meadows.\nAnd -- good workman --\nAnd let there be a man walking thereon.', 5, '2022-08-06 10:58:56'),
(2, 'Great cities seldom rest; if there be none\nT'' invade from far, they''ll find worse foes at home.', 4, '2022-08-10 04:14:28'),
(3, 'There was an Old Man in a tree,\nWho was horribly bored by a bee.\nWhen they said "Does it buzz?"\nHe replied "Yes, it does!\nIt''s a regular brute of a bee!"', 4, '2022-08-11 19:16:35'),
(4, 'My life has been the poem I would have writ,\nBut I could not both live and utter it.', 11, '2022-08-12 18:38:01'),
(5, 'I lost a World -- the other day!\nHas Anybody found?\nYou''ll know it by the Row of Stars\nAround its forehead bound.\n\nA Rich man -- might not notice it --\nYet -- to my frugal Eye,\nOf more Esteem than Ducats --\nOh find it -- Sir -- for me!', 9, '2022-08-12 23:42:02'),
(6, 'Though the great Waters sleep,\nThat they are still the Deep,\nWe cannot doubt --\nNo vacillating God\nIgnited this Abode\nTo put it out --', 3, '2022-08-14 07:02:04'),
(7, 'Estranged from Beauty -- none can be --\nFor Beauty is Infinity --\nAnd power to be finite ceased\nBefore Identity was leased.', 17, '2022-08-22 11:21:43'),
(8, 'Somewhat, to hope for,\nBe it ne''er so far\nIs Capital against Despair --\n\nSomewhat, to suffer,\nBe it ne''er so keen --\nIf terminable, may be borne.', 5, '2022-08-24 11:37:42'),
(9, 'A full fed Rose on meals of Tint\nA Dinner for a Bee\nIn process of the Noon became -\nEach bright Mortality\nThe Forfeit is of Creature fair\nItself, adored before\nSubmitting for our unknown sake\nTo be esteemed no more --', 5, '2022-08-25 03:07:21'),
(10, 'His Heart was darker than the starless night\nFor that there is a morn\nBut in this black Receptacle\nCan be no Bode of Dawn', 10, '2022-08-25 21:42:58'),
(11, 'Defrauded I a Butterfly --\nThe lawful Heir -- for Thee --', 10, '2022-08-26 04:02:59'),
(12, 'She rose as high as His Occasion\nThen sought the Dust --\nAnd lower lay in low Westminster\nFor Her brief Crest --', 18, '2022-08-26 06:07:12'),
(13, 'When Hope but made Tranquillity be felt--\nA Flight of Hopes for ever on the wing\nBut made Tranquillity a conscious Thing--\nAnd wheeling round and round in sportive coil\nFann''d the calm air upon the brow of Toil--', 20, '2022-08-27 03:20:54'),
(14, 'So give me back to Death --\nThe Death I never feared\nExcept that it deprived of thee --\nAnd now, by Life deprived,\nIn my own Grave I breathe\nAnd estimate its size --\nIts size is all that Hell can guess --\nAnd all that Heaven was --', 18, '2022-08-27 04:15:28'),
(15, 'When soft winds and sunny skies\nWith the green earth harmonize,\nAnd the young and dewy dawn,\nBold as an unhunted fawn,\nUp the windless heaven is gone,--\nLaugh--for ambushed in the day,--\nClouds and whirlwinds watch their prey.', 6, '2022-08-28 23:15:05'),
(16, 'Tradition, thou art for suckling children,\nThou art the enlivening milk for babes;\nBut no meat for men is in thee.\nThen --\nBut, alas, we all are babes.', 8, '2022-08-29 04:06:37'),
(17, '"Faith" is a fine invention\nWhen Gentlemen can see --\nBut Microscopes are prudent\nIn an Emergency.', 2, '2022-08-29 20:16:36'),
(18, 'Fame''s Boys and Girls, who never die\nAnd are too seldom born --', 20, '2022-08-30 08:39:11'),
(19, 'Her spirit rose to such a height\nHer countenance it did inflate\nLike one that fed on awe.\nMore prudent to assault the dawn\nThan merit the ethereal scorn\nThat effervesced from her.', 2, '2022-09-02 21:28:04'),
(20, 'Summer for thee, grant I may be\nWhen Summer days are flown!\nThy music still, when Whipporwill\nAnd Oriole -- are done!\n\nFor thee to bloom, I''ll skip the tomb\nAnd row my blossoms o''er!\nPray gather me --\nAnemone --\nThy flower -- forevermore!', 15, '2022-09-04 18:23:34'),
(21, 'Nature can do no more\nShe has fulfilled her Dyes\nWhatever Flower fail to come\nOf other Summer days\nHer crescent reimburse\nIf other Summers be\nNature''s imposing negative\nNulls opportunity --', 9, '2022-09-04 18:24:42'),
(22, 'The viewless and invisible Consequence\nWatches thy goings-out, and comings-in,\nAnd...hovers o''er thy guilty sleep,\nUnveiling every new-born deed, and thoughts\nMore ghastly than those deeds--', 8, '2022-09-06 07:32:19'),
(23, 'I went into the deserts of dim sleep--\nThat world which, like an unknown wilderness,\nBounds this with its recesses wide and deep--', 12, '2022-09-07 03:22:03'),
(24, 'Animula! vagula, Blandula,\nHospes, comesque corporis,\nQuæ nunc abibis in Loca--\nPallidula, rigida, nudula,\nNec, ut soles, dabis Jocos?', 19, '2022-09-09 02:58:24'),
(25, 'How much the present moment means\nTo those who''ve nothing more --\nThe Fop -- the Carp -- the Atheist --\nStake an entire store\nUpon a Moment''s shallow Rim\nWhile their commuted Feet\nThe Torrents of Eternity\nDo all but inundate --', 16, '2022-09-09 16:35:28'),
(26, 'When May is painting with her colours gay\nThe landscape sketched by April her sweet twin...', 28, '2022-09-10 01:09:23'),
(27, 'IF for silver, or for gold,\n  You could melt ten thousand pimples\n  Into half a dozen dimples,\nThen your face we might behold,\n  Looking, doubtless, much more snugly,\n  Yet even _then_ ''twould be damned ugly.', 28, '2022-09-10 08:26:46'),
(28, 'A Wind that rose\nThough not a Leaf\nIn any Forest stirred\nBut with itself did cold engage\nBeyond the Realm of Bird --\nA Wind that woke a lone Delight\nLike Separation''s Swell\nRestored in Arctic Confidence\nTo the Invisible --', 30, '2022-09-10 11:29:25'),
(29, 'The good Will of a Flower\nThe Man who would possess\nMust first present\nCertificate\nOf minted Holiness.', 18, '2022-09-11 11:39:41'),
(30, 'God maddens him whom''t is his will to lose,\nAnd gives the choice of death or phrenzy--choose.', 28, '2022-09-12 22:03:45'),
(31, 'Great men by small means oft are overthrown;\nHe''s lord of thy life, who contemns his own.', 9, '2022-09-13 01:53:59'),
(32, 'The inundation of the Spring\nEnlarges every soul --\nIt sweeps the tenement away\nBut leaves the Water whole --\n\nIn which the soul at first estranged --\nSeeks faintly for its shore\nBut acclimated -- pines no more\nFor that Peninsula --', 19, '2022-09-14 04:45:56'),
(33, 'Could that sweet Darkness where they dwell\nBe once disclosed to us\nThe clamor for their loveliness\nWould burst the Loneliness --', 25, '2022-09-14 05:50:28'),
(34, 'Winter under cultivation\nIs as arable as Spring.', 39, '2022-09-14 08:01:22'),
(35, 'Floss won''t save you from an Abyss\nBut a Rope will --\nNotwithstanding a Rope for a Souvenir\nIs not beautiful --\n\nBut I tell you every step is a Trough --\nAnd every stop a Well --\nNow will you have the Rope or the Floss?\nPrices reasonable --', 36, '2022-09-14 18:26:39'),
(36, 'An Antiquated Tree\nIs cherished of the Crow\nBecause that Junior Foliage is disrespectful now\nTo venerable Birds\nWhose Corporation Coat\nWould decorate Oblivion''s\nRemotest Consulate.', 9, '2022-09-15 15:02:32'),
(37, 'My head is heavy, my limbs are weary,\nAnd it is not life that makes me move.', 27, '2022-09-15 15:10:26'),
(38, 'WOMEN sit, or move to and fro—some old, some young;\nThe young are beautiful—but the old are more beautiful than the young.', 16, '2022-09-15 20:34:11'),
(39, 'My Garden -- like the Beach --\nDenotes there be -- a Sea --\nThat''s Summer --\nSuch as These -- the Pearls\nShe fetches -- such as Me', 34, '2022-09-15 23:22:53'),
(40, 'Water, is taught by thirst.\nLand -- by the Oceans passed.\nTransport -- by throe --\nPeace -- by its battles told --\nLove, by Memorial Mold --\nBirds, by the Snow.', 27, '2022-09-16 06:15:45'),
(41, 'Undue Significance a starving man attaches\nTo Food --\nFar off -- He sighs -- and therefore -- Hopeless --\nAnd therefore -- Good --\n\nPartaken -- it relieves -- indeed --\nBut proves us\nThat Spices fly\nIn the Receipt -- It was the Distance --\nWas Savory --', 23, '2022-09-16 11:26:45'),
(42, 'The Notice that is called the Spring\nIs but a month from here --\nPut up my Heart thy Hoary work\nAnd take a Rosy Chair.\n\nNot any House the Flowers keep --\nThe Birds enamor Care --\nOur salary the longest Day\nIs nothing but a Bier.', 30, '2022-09-16 18:33:34'),
(43, 'Where Roses would not dare to go,\nWhat Heart would risk the way --\nAnd so I send my Crimson Scouts\nTo sound the Enemy --', 12, '2022-09-17 03:18:00'),
(44, 'Men say you''re fair; and fair ye are, ''tis true;\nBut, hark! we praise the painter now, not you.', 24, '2022-09-17 12:17:38'),
(45, 'In this short Life\nThat only lasts an hour\nHow much -- how little -- is\nWithin our power', 36, '2022-09-17 16:19:27'),
(46, 'Said Death to Passion\n"Give of thine an Acre unto me."\nSaid Passion, through contracting Breaths\n"A Thousand Times Thee Nay."\n\nBore Death from Passion\nAll His East\nHe -- sovereign as the Sun\nResituated in the West\nAnd the Debate was done.', 32, '2022-09-18 06:35:41'),
(47, 'Her sovereign People\nNature knows as well\nAnd is as fond of signifying\nAs if fallible --', 19, '2022-09-18 18:33:43'),
(48, 'Spring comes on the World --\nI sight the Aprils --\nHueless to me until thou come\nAs, till the Bee\nBlossoms stand negative,\nTouched to Conditions\nBy a Hum.', 38, '2022-09-18 19:35:08'),
(49, 'Touch lightly Nature''s sweet Guitar\nUnless thou know''st the Tune\nOr every Bird will point at thee\nBecause a Bard too soon --', 8, '2022-09-19 12:41:34'),
(50, 'The Butterfly''s Numidian Gown\nWith spots of Burnish roasted on\nIs proof against the Sun\nYet prone to shut its spotted Fan\nAnd panting on a Clover lean\nAs if it were undone --', 33, '2022-09-19 14:01:17'),
(51, 'The world is so full of a number of things,\nI''m sure we should all be as happy as kings.', 26, '2022-09-19 18:37:54'),
(52, 'Birthday of but a single pang\nThat there are less to come --\nAfflictive is the Adjective\nBut affluent the doom --', 19, '2022-09-20 10:06:26'),
(53, 'One Year ago -- jots what?\nGod -- spell the word!  I -- can''t --\nWas''t Grace?  Not that --\nWas''t Glory?  That -- will do --\nSpell slower -- Glory --\n\nSuch Anniversary shall be --', 41, '2022-09-21 07:16:32'),
(54, 'The Flower must not blame the Bee --\nThat seeketh his felicity\nToo often at her door --\n\nBut teach the Footman from Vevay --\nMistress is "not at home" -- to say --\nTo people -- any more!', 23, '2022-09-22 01:36:33'),
(55, 'When Memory is full\nPut on the perfect Lid --\nThis Morning''s finest syllable\nPresumptuous Evening said --', 41, '2022-09-22 08:17:21'),
(56, 'She slept beneath a tree --\nRemembered but by me.\nI touched her Cradle mute --\nShe recognized the foot --\nPut on her carmine suit\nAnd see!', 42, '2022-09-22 16:33:26'),
(57, '''Tis done!--I saw it in my dreams:\nNo more with Hope the future beams;\n  My days of happiness are few:\nChill''d by Misfortune''s wintry blast,\nMy dawn of Life is overcast;\n  Love, Hope, and Joy, alike adieu!\n  Would I could add Remembrance too!', 31, '2022-09-23 07:12:33'),
(58, 'Which is best?  Heaven --\nOr only Heaven to come\nWith that old Codicil of Doubt?\nI cannot help esteem\n\nThe "Bird within the Hand"\nSuperior to the one\nThe "Bush" may yield me\nOr may not\nToo late to choose again.', 6, '2022-09-25 05:45:28'),
(59, 'O mighty mind, in whose deep stream this age\nShakes like a reed in the unheeding storm,\nWhy dost thou curb not thine own sacred rage?', 42, '2022-09-25 06:29:10'),
(60, 'The Life we have is very great.\nThe Life that we shall see\nSurpasses it, we know, because\nIt is Infinity.\nBut when all Space has been beheld\nAnd all Dominion shown\nThe smallest Human Heart''s extent\nReduces it to none.', 10, '2022-09-25 20:37:57'),
(61, 'Absent Place -- an April Day --\nDaffodils a-blow\nHomesick curiosity\nTo the Souls that snow --\n\nDrift may block within it\nDeeper than without --\nDaffodil delight but\nHim it duplicate --', 38, '2022-09-27 06:50:10'),
(62, 'Come, thou awakener of the spirit''s ocean,\nZephyr, whom to thy cloud or cave\nNo thought can trace! speed with thy gentle motion!', 44, '2022-09-27 11:42:06'),
(63, 'Rome has fallen, ye see it lying\nHeaped in undistinguished ruin:\nNature is alone undying.', 44, '2022-09-27 18:53:17'),
(64, 'Summer laid her simple Hat\nOn its boundless Shelf --\nUnobserved -- a Ribbon slipt,\nSnatch it for yourself.\n\nSummer laid her supple Glove\nIn its sylvan Drawer --\nWheresoe''er, or was she --\nThe demand of Awe?', 46, '2022-09-27 22:10:09'),
(65, 'Nature assigns the Sun --\nThat -- is Astronomy --\nNature cannot enact a Friend --\nThat -- is Astrology.', 44, '2022-09-28 01:22:51'),
(66, 'WHEN he should laugh the wise man knows full well:\nFor he knows what is truly laughable.\nBut wiser is the man who laughs also,\nOr holds his laughter, when the foolish do.', 18, '2022-09-28 03:46:14'),
(67, 'Which is the best -- the Moon or the Crescent?\nNeither -- said the Moon --\nThat is best which is not -- Achieve it --\nYou efface the Sheen.\n\nNot of detention is Fruition --\nShudder to attain.\nTransport''s decomposition follows --\nHe is Prism born.', 45, '2022-09-28 05:37:17'),
(68, 'No Romance sold unto\nCould so enthrall a Man\nAs the perusal of\nHis Individual One --\n''Tis Fiction''s -- When ''tis small enough\nTo Credit -- ''Tisn''t true!', 47, '2022-09-28 13:00:24'),
(69, 'LIGHT as the linnet on my way I start,\nFor all my pack I bear a chartered heart.\nForth on the world without a guide or chart,\nContent to know, through all man''s varying fates,\nThe eternal woman by the wayside waits.', 46, '2022-09-28 17:27:38'),
(70, 'Gather, O gather,\nFoeman and friend in love and peace!\nWaves sleep together\nWhen the blasts that called them to battle, cease.\nFor fangless Power grown tame and mild\nIs at play with Freedom''s fearless child--\nThe dove and the serpent reconciled!', 42, '2022-09-28 20:02:56'),
(71, 'For largest Woman''s Hearth I knew --\n''Tis little I can do --\nAnd yet the largest Woman''s Heart\nCould hold an Arrow -- too --\nAnd so, instructed by my own,\nI tenderer, turn Me to.', 41, '2022-09-29 01:54:52'),
(72, 'So gay a Flower\nBereaves the Mind\nAs if it were a Woe --\nIs Beauty an Affliction -- then?\nTradition ought to know --', 48, '2022-09-29 02:37:45'),
(73, 'Here, a little child, I stand,\nHeaving up my either hand:\nCold as paddocks though they be,\nHere I lift them up to thee,\nFor a benison to fall\nOn our meat, and on us all.\nAmen.', 38, '2022-09-29 03:11:33'),
(74, 'Dying at my music!\nBubble!  Bubble!\nHold me till the Octave''s run!\nQuick!  Burst the Windows!\nRitardando!\nPhials left, and the Sun!', 7, '2022-09-29 12:14:30'),
(75, 'Could Hope inspect her Basis\nHer Craft were done --\nHas a fictitious Charter\nOr it has none --\n\nBalked in the vastest instance\nBut to renew --\nFelled by but one assassin --\nProsperity --', 42, '2022-09-29 14:32:43'),
(76, 'BEHOLD the blessings of a lucky lot!\nMy play is _damned_, and Lady Noel _not_.', 2, '2022-09-29 17:56:21'),
(77, 'Immured in Heaven!\nWhat a Cell!\nLet every Bondage be,\nThou sweetest of the Universe,\nLike that which ravished thee!', 17, '2022-09-29 18:09:05'),
(78, 'To see the Summer Sky\nIs Poetry, though never in a Book it lie --\nTrue Poems flee --', 35, '2022-09-29 18:39:46'),
(79, 'The fairest Home I ever knew\nWas founded in an Hour\nBy Parties also that I knew\nA spider and a Flower --\nA manse of mechlin and of Floes --', 48, '2022-09-30 01:32:22'),
(80, 'Teach Him -- When He makes the names --\nSuch an one -- to say --\nOn his babbling -- Berry -- lips --\nAs should sound -- to me --\nWere my Ear -- as near his nest --\nAs my thought -- today --\nAs should sound --\n"Forbid us not" --\nSome like "Emily."', 49, '2022-09-30 04:17:25'),
(81, 'I was in the darkness;\nI could not see my words\nNor the wishes of my heart.\nThen suddenly there was a great light --\n\n"Let me into the darkness again."', 16, '2022-09-30 14:32:25'),
(82, 'SUPPOSED TO BE ADDRESSED TO WILLIAM GODWIN.\n\nMighty eagle! thou that soarest\nO''er the misty mountain forest,\nAnd amid the light of morning\nLike a cloud of glory hiest,\nAnd when night descends defiest\nThe embattled tempests'' warning!', 33, '2022-09-30 19:35:48'),
(83, 'The Butterfly''s Assumption Gown\nIn Chrysoprase Apartments hung\nThis afternoon put on --\n\nHow condescending to descend\nAnd be of Buttercups the friend\nIn a New England Town --', 3, '2022-10-01 15:59:35'),
(84, 'The sea took pity: it interposed with doom:\n‘I have tall daughters dear that heed my hand:\nLet Winter wed one, sow them in her womb,\nAnd she shall child them on the New-world strand.’\n. . . . . . . .', 48, '2022-10-02 12:43:14'),
(85, 'Dear home, thou scene of earliest hopes and joys,\nThe least of which wronged Memory ever makes\nBitterer than all thine unremembered tears.', 49, '2022-10-03 14:01:59'),
(86, 'Oh Sumptuous moment\nSlower go\nThat I may gloat on thee --\n''Twill never be the same to starve\nNow I abundance see --\n\nWhich was to famish, then or now --\nThe difference of Day\nAsk him unto the Gallows led --\nWith morning in the sky --', 47, '2022-10-03 15:27:25'),
(87, 'The mellow touch of music most doth wound\nThe soul, when it doth rather sigh, than sound.', 16, '2022-10-04 05:45:49'),
(88, 'The words the happy say\nAre paltry melody\nBut those the silent feel\nAre beautiful --', 50, '2022-10-05 07:43:46'),
(89, '    ISAACUS NEWTONUS:\n    QUEM IMMORTALEM\nTESTANTUR TEMPUS, NATURA, COELUM:\n      MORTALEM\n    HOC MARMOR FATETUR.\n\nNature and Nature''s laws lay hid in night\nGod said, Let Newton be! and all was light.', 47, '2022-10-05 14:32:30'),
(90, '    BENEATH Blessington''s eyes\n    The reclaimed Paradise\nShould be free as the former from evil;\n    But if the new Eve\n    For an Apple should grieve,\nWhat mortal would not play the Devil?', 45, '2022-10-05 21:37:53'),
(91, 'Snow beneath whose chilly softness\nSome that never lay\nMake their first Repose this Winter\nI admonish Thee\n\nBlanket Wealthier the Neighbor\nWe so new bestow\nThan thine acclimated Creature\nWilt Thou, Austere Snow?', 32, '2022-10-06 01:47:47'),
(92, 'If Nature smiles -- the Mother must\nI''m sure, at many a whim\nOf Her eccentric Family --\nIs She so much to blame?', 29, '2022-10-06 02:15:22'),
(93, 'GIVE me women, wine, and snuff\nUntill I cry out "hold, enough!"\nYou may do so sans objection\nTill the day of resurrection:\nFor, bless my beard, they aye shall be\nMy beloved Trinity.', 51, '2022-10-06 12:48:23'),
(94, 'Jesus! thy Crucifix\nEnable thee to guess\nThe smaller size!\n\nJesus! thy second face\nMind thee in Paradise\nOf ours!', 45, '2022-10-06 18:16:11'),
(95, 'A little Madness in the Spring\nIs wholesome even for the King,\nBut God be with the Clown --\nWho ponders this tremendous scene --\nThis whole Experiment of Green --\nAs if it were his own!', 40, '2022-10-06 22:31:31'),
(96, 'The babe is at peace within the womb;\nThe corpse is at rest within the tomb:\nWe begin in what we end.', 45, '2022-10-07 05:11:38'),
(97, 'Yesterday is History,\n''Tis so far away --\nYesterday is Poetry --\n''Tis Philosophy --\n\nYesterday is mystery --\nWhere it is Today\nWhile we shrewdly speculate\nFlutter both away', 32, '2022-10-07 12:38:00'),
(98, '''Twas such a little -- little boat\nThat toddled down the bay!\n''Twas such a gallant -- gallant sea\nThat beckoned it away!\n\n''Twas such a greedy, greedy wave\nThat licked it from the Coast --\nNor ever guessed the stately sails\nMy little craft was lost!', 35, '2022-10-07 16:30:04'),
(99, 'Lad of Athens, faithful be\nTo Thyself,\nAnd Mystery --\nAll the rest is Perjury --', 26, '2022-10-07 19:05:38'),
(100, 'There is a voice, not understood by all,\nSent from these desert-caves. It is the roar\nOf the rent ice-cliff which the sunbeams call,\nPlunging into the vale--it is the blast\nDescending on the pines--the torrents pour...', 50, '2022-10-07 20:55:23'),
(101, 'WHAT General has a good army in himself, has a good army;\nHe happy in himself, or she happy in herself, is happy,\nBut I tell you you cannot be happy by others, any more than you can beget or conceive a\n    child\n  by others.', 4, '2022-10-08 18:57:09'),
(102, 'Silver key of the fountain of tears,\nWhere the spirit drinks till the brain is wild;\nSoftest grave of a thousand fears,\nWhere their mother, Care, like a drowsy child,\nIs laid asleep in flowers.', 30, '2022-10-09 09:16:33'),
(103, 'The stem of a departed Flower\nHas still a silent rank.\nThe Bearer from an Emerald Court\nOf a Despatch of Pink.', 49, '2022-10-09 23:02:43'),
(104, 'Beauty no other thing is, than a beam\nFlash''d out between the middle and extreme.', 45, '2022-10-09 23:42:17'),
(105, 'Of Life to own --\nFrom Life to draw --\nBut never tough the reservoir --', 36, '2022-10-10 00:41:23'),
(106, 'Not at Home to Callers\nSays the Naked Tree --\nBonnet due in April --\nWishing you Good Day --', 42, '2022-10-10 01:08:55'),
(107, 'FROM THE GREEK OF PLATO.\n\nKissing Helena, together\nWith my kiss, my soul beside it\nCame to my lips, and there I kept it,--\nFor the poor thing had wandered thither,\nTo follow where the kiss should guide it,\nOh, cruel I, to intercept it!', 13, '2022-10-10 01:30:00'),
(108, 'Wrinkles no more are, or no less,\nThan beauty turn''d to sourness.', 47, '2022-10-10 09:17:03'),
(109, 'Snow flakes.\n\nI counted till they danced so\nTheir slippers leaped the town,\nAnd then I took a pencil\nTo note the rebels down.\nAnd then they grew so jolly\nI did resign the prig,\nAnd ten of my once stately toes\nAre marshalled for a jig!', 51, '2022-10-10 18:25:25'),
(110, 'My Season''s furthest Flower --\nI tenderer commend\nBecause I found Her Kinsmanless,\nA Grace without a Friend.', 48, '2022-10-10 22:08:53'),
(111, 'FROM THE GREEK.\n\nEagle! why soarest thou above that tomb?\nTo what sublime and star-ypaven home\nFloatest thou?--\nI am the image of swift Plato''s spirit,\nAscending heaven; Athens doth inherit\nHis corpse below.', 50, '2022-10-11 18:23:21'),
(112, 'Four ducks on a pond,\nA grass-bank beyond,\nA blue sky of spring,\nWhite clouds on the wing;\nWhat a little thing\nTo remember for years-\nTo remember with tears!', 48, '2022-10-12 01:46:57'),
(113, 'A Flower will not trouble her, it has so small a Foot,\nAnd yet if you compare the Lasts,\nHers is the smallest Boot --', 46, '2022-10-12 17:07:26'),
(114, 'Time does go on --\nI tell it gay to those who suffer now --\nThey shall survive --\nThere is a sun --\nThey don''t believe it now --', 38, '2022-10-13 18:51:31'),
(115, 'By homely gift and hindered Words\nThe human heart is told\nOf Nothing --\n"Nothing" is the force\nThat renovates the World --', 43, '2022-10-14 02:41:00'),
(116, 'There is a warm and gentle atmosphere\nAbout the form of one we love, and thus\nAs in a tender mist our spirits are\nWrapped in the ... of that which is to us\nThe health of life''s own life--', 33, '2022-10-14 03:31:08'),
(117, 'My thoughts arise and fade in solitude,\nThe verse that would invest them melts away\nLike moonlight in the heaven of spreading day:\nHow beautiful they were, how firm they stood,\nFlecking the starry sky like woven pearl!', 45, '2022-10-14 11:25:28'),
(118, 'I noticed People disappeared\nWhen but a little child --\nSupposed they visited remote\nOr settled Regions wild --\nBut did because they died\nA Fact withheld the little child --', 51, '2022-10-14 18:15:14'),
(119, 'ÆGLE, beauty and poet, has two little crimes;\nShe makes her own face, and does not make her rhymes.', 16, '2022-10-14 19:55:13'),
(120, 'Follow to the deep wood''s weeds,\nFollow to the wild-briar dingle,\nWhere we seek to intermingle,\nAnd the violet tells her tale\nTo the odour-scented gale,\nFor they two have enough to do\nOf such work as I and you.', 39, '2022-10-15 06:56:39'),
(121, 'Declaiming Waters none may dread --\nBut Waters that are still\nAre so for that most fatal cause\nIn Nature -- they are full --', 7, '2022-10-15 20:05:29'),
(122, 'I SEE the sleeping babe, nestling the breast of its mother;\nThe sleeping mother and babe—hush’d, I study them long and long.', 45, '2022-10-15 21:02:08'),
(123, 'No, Music, thou art not the ''food of Love.''\nUnless Love feeds upon its own sweet self,\nTill it becomes all Music murmurs of.', 12, '2022-10-16 01:56:25'),
(124, 'His face was like a snake''s--wrinkled and loose\nAnd withered--', 31, '2022-10-16 08:06:20');

-- Favorites
INSERT INTO PrivatePoemFavorites(poemID, userID) VALUES
(11, 2),
(16, 2),
(34, 2),
(36, 2),
(40, 2),
(43, 2),
(48, 2),
(49, 2),
(54, 2),
(62, 2),
(68, 2),
(73, 2),
(91, 2),
(93, 2),
(96, 2),
(103, 2),
(110, 2),
(113, 2),
(115, 2),
(116, 2),
(123, 2),
(8, 3),
(17, 3),
(20, 3),
(24, 3),
(41, 3),
(42, 3),
(54, 3),
(55, 3),
(60, 3),
(61, 3),
(64, 3),
(65, 3),
(67, 3),
(85, 3),
(98, 3),
(103, 3),
(106, 3),
(107, 3),
(118, 3),
(124, 3),
(32, 6),
(61, 6),
(119, 6),
(14, 7),
(16, 7),
(30, 7),
(33, 7),
(36, 7),
(45, 7),
(49, 7),
(55, 7),
(59, 7),
(63, 7),
(65, 7),
(66, 7),
(69, 7),
(76, 7),
(78, 7),
(88, 7),
(90, 7),
(92, 7),
(99, 7),
(113, 7),
(123, 7),
(61, 9),
(76, 9),
(85, 9),
(5, 10),
(16, 10),
(22, 10),
(39, 10),
(65, 10),
(76, 10),
(80, 10),
(95, 10),
(96, 10),
(99, 10),
(103, 10),
(108, 10),
(117, 10),
(121, 10),
(1, 11),
(6, 11),
(7, 11),
(33, 11),
(48, 11),
(56, 11),
(62, 11),
(100, 11),
(104, 11),
(113, 11),
(114, 11),
(33, 12),
(34, 12),
(36, 12),
(52, 12),
(81, 12),
(84, 12),
(88, 12),
(100, 12),
(104, 12),
(106, 12),
(111, 12),
(41, 13),
(51, 13),
(79, 13),
(90, 13),
(92, 13),
(12, 15),
(14, 15),
(22, 15),
(28, 15),
(38, 15),
(59, 15),
(63, 15),
(90, 15),
(107, 15),
(110, 15),
(117, 15),
(120, 15),
(121, 15),
(21, 16),
(34, 16),
(41, 16),
(44, 16),
(47, 16),
(54, 16),
(57, 16),
(59, 16),
(61, 16),
(72, 16),
(78, 16),
(97, 16),
(102, 16),
(104, 16),
(113, 16),
(120, 16),
(124, 16),
(18, 17),
(25, 17),
(34, 17),
(38, 17),
(59, 17),
(61, 17),
(78, 17),
(83, 17),
(90, 17),
(110, 17),
(113, 17),
(114, 17),
(117, 17),
(121, 17),
(122, 17),
(48, 18),
(49, 18),
(56, 18),
(67, 18),
(82, 18),
(106, 18),
(17, 20),
(21, 20),
(45, 20),
(78, 20),
(87, 20),
(111, 20),
(121, 20),
(18, 21),
(35, 21),
(39, 21),
(42, 21),
(72, 21),
(75, 21),
(86, 21),
(100, 21),
(106, 21),
(109, 21),
(113, 21),
(118, 21),
(1, 23),
(8, 23),
(39, 23),
(42, 23),
(46, 23),
(52, 23),
(56, 23),
(57, 23),
(60, 23),
(64, 23),
(67, 23),
(69, 23),
(70, 23),
(74, 23),
(76, 23),
(82, 23),
(90, 23),
(92, 23),
(102, 23),
(104, 23),
(108, 23),
(2, 24),
(31, 24),
(47, 24),
(87, 24),
(95, 24),
(12, 25),
(19, 25),
(25, 25),
(27, 25),
(31, 25),
(40, 25),
(58, 25),
(60, 25),
(62, 25),
(66, 25),
(75, 25),
(77, 25),
(81, 25),
(84, 25),
(111, 25),
(7, 26),
(10, 26),
(11, 26),
(23, 26),
(24, 26),
(25, 26),
(31, 26),
(37, 26),
(42, 26),
(50, 26),
(61, 26),
(64, 26),
(68, 26),
(71, 26),
(73, 26),
(85, 26),
(101, 26),
(104, 26),
(114, 26),
(116, 26),
(121, 26),
(12, 29),
(38, 29),
(47, 29),
(51, 29),
(63, 29),
(84, 29),
(94, 29),
(97, 29),
(3, 30),
(6, 30),
(8, 30),
(19, 30),
(21, 30),
(27, 30),
(37, 30),
(40, 30),
(45, 30),
(56, 30),
(65, 30),
(74, 30),
(80, 30),
(89, 30),
(97, 30),
(101, 30),
(108, 30),
(111, 30),
(8, 31),
(15, 31),
(43, 31),
(45, 31),
(56, 31),
(69, 31),
(70, 31),
(74, 31),
(82, 31),
(108, 31),
(112, 31),
(121, 31),
(8, 34),
(56, 34),
(57, 34),
(66, 34),
(99, 34),
(109, 34),
(2, 35),
(3, 35),
(6, 35),
(14, 35),
(18, 35),
(19, 35),
(35, 35),
(62, 35),
(69, 35),
(71, 35),
(82, 35),
(83, 35),
(85, 35),
(86, 35),
(87, 35),
(93, 35),
(104, 35),
(108, 35),
(110, 35),
(121, 35),
(6, 39),
(7, 39),
(17, 39),
(18, 39),
(89, 39),
(90, 39),
(95, 39),
(97, 39),
(109, 39),
(123, 39),
(30, 40),
(35, 40),
(49, 40),
(57, 40),
(63, 40),
(4, 42),
(9, 42),
(48, 42),
(64, 42),
(67, 42),
(82, 42),
(83, 42),
(112, 42),
(116, 42),
(7, 43),
(18, 43),
(19, 43),
(21, 43),
(33, 43),
(38, 43),
(55, 43),
(56, 43),
(60, 43),
(79, 43),
(85, 43),
(93, 43),
(108, 43),
(114, 43),
(121, 43),
(8, 46),
(10, 46),
(20, 46),
(23, 46),
(36, 46),
(37, 46),
(39, 46),
(42, 46),
(66, 46),
(70, 46),
(80, 46),
(87, 46),
(120, 46),
(121, 46),
(20, 47),
(24, 47),
(36, 47),
(39, 47),
(44, 47),
(49, 47),
(54, 47),
(71, 47),
(81, 47),
(93, 47),
(99, 47),
(1, 48),
(3, 48),
(10, 48),
(20, 48),
(50, 48),
(62, 48),
(76, 48),
(85, 48),
(87, 48),
(94, 48),
(101, 48),
(117, 48),
(121, 48),
(10, 49),
(55, 49),
(66, 49),
(74, 49),
(82, 49),
(90, 49),
(91, 49),
(123, 49),
(41, 51),
(63, 51),
(71, 51),
(91, 51),
(111, 51);

-- Ratings
INSERT INTO PrivatePoemRating(poemID, userID, rating) VALUES
(15, 2, 1),
(35, 2, 1),
(55, 2, 1),
(58, 2, -1),
(74, 2, 1),
(87, 2, 1),
(104, 2, -1),
(106, 2, 1),
(114, 2, -1),
(117, 2, 1),
(4, 3, -1),
(5, 3, 1),
(7, 3, -1),
(14, 3, 1),
(18, 3, 1),
(20, 3, 1),
(24, 3, 1),
(31, 3, -1),
(32, 3, -1),
(36, 3, 1),
(37, 3, 1),
(39, 3, 1),
(41, 3, 1),
(42, 3, -1),
(45, 3, 1),
(51, 3, 1),
(53, 3, 1),
(60, 3, -1),
(61, 3, -1),
(68, 3, 1),
(72, 3, -1),
(73, 3, 1),
(75, 3, 1),
(90, 3, 1),
(99, 3, 1),
(100, 3, 1),
(101, 3, 1),
(111, 3, 1),
(112, 3, -1),
(114, 3, 1),
(119, 3, -1),
(6, 5, 1),
(11, 5, -1),
(12, 5, -1),
(22, 5, 1),
(28, 5, 1),
(30, 5, 1),
(36, 5, 1),
(40, 5, 1),
(42, 5, 1),
(48, 5, 1),
(49, 5, 1),
(50, 5, 1),
(51, 5, -1),
(55, 5, 1),
(56, 5, -1),
(67, 5, -1),
(79, 5, -1),
(81, 5, -1),
(93, 5, 1),
(98, 5, -1),
(106, 5, -1),
(110, 5, 1),
(111, 5, 1),
(116, 5, -1),
(118, 5, -1),
(123, 5, 1),
(5, 11, -1),
(6, 11, 1),
(10, 11, 1),
(12, 11, 1),
(13, 11, 1),
(14, 11, -1),
(16, 11, 1),
(18, 11, 1),
(37, 11, 1),
(39, 11, 1),
(47, 11, 1),
(48, 11, 1),
(57, 11, -1),
(60, 11, 1),
(65, 11, 1),
(68, 11, -1),
(70, 11, 1),
(71, 11, -1),
(73, 11, 1),
(77, 11, -1),
(84, 11, 1),
(85, 11, 1),
(86, 11, -1),
(99, 11, -1),
(106, 11, 1),
(107, 11, 1),
(108, 11, 1),
(110, 11, 1),
(111, 11, 1),
(119, 11, 1),
(120, 11, 1),
(4, 13, 1),
(18, 13, -1),
(22, 13, -1),
(25, 13, 1),
(26, 13, 1),
(33, 13, 1),
(35, 13, -1),
(37, 13, 1),
(47, 13, -1),
(49, 13, -1),
(51, 13, 1),
(63, 13, 1),
(75, 13, -1),
(79, 13, 1),
(81, 13, -1),
(85, 13, 1),
(86, 13, -1),
(89, 13, 1),
(90, 13, 1),
(91, 13, -1),
(94, 13, 1),
(95, 13, 1),
(98, 13, 1),
(102, 13, 1),
(119, 13, -1),
(120, 13, 1),
(18, 18, -1),
(39, 18, 1),
(49, 18, 1),
(74, 18, 1),
(83, 18, 1),
(96, 18, -1),
(97, 18, 1),
(106, 18, 1),
(115, 18, 1),
(124, 18, 1),
(10, 19, 1),
(19, 19, 1),
(21, 19, 1),
(43, 19, 1),
(67, 19, 1),
(68, 19, 1),
(83, 19, 1),
(121, 19, 1),
(1, 20, 1),
(4, 20, 1),
(5, 20, 1),
(7, 20, -1),
(14, 20, -1),
(24, 20, -1),
(32, 20, -1),
(34, 20, -1),
(84, 20, 1),
(90, 20, -1),
(100, 20, -1),
(101, 20, 1),
(103, 20, 1),
(105, 20, -1),
(109, 20, -1),
(110, 20, 1),
(111, 20, -1),
(113, 20, -1),
(121, 20, 1),
(58, 23, 1),
(82, 23, 1),
(83, 23, 1),
(112, 23, -1),
(3, 25, 1),
(14, 25, 1),
(41, 25, 1),
(54, 25, -1),
(67, 25, 1),
(68, 25, 1),
(74, 25, 1),
(93, 25, 1),
(94, 25, -1),
(101, 25, 1),
(106, 25, 1),
(109, 25, 1),
(119, 25, -1),
(14, 26, 1),
(30, 26, -1),
(32, 26, 1),
(45, 26, 1),
(53, 26, 1),
(58, 26, 1),
(61, 26, -1),
(75, 26, 1),
(80, 26, 1),
(82, 26, 1),
(83, 26, -1),
(109, 26, 1),
(111, 26, 1),
(117, 26, 1),
(124, 26, -1),
(24, 27, 1),
(35, 27, 1),
(100, 27, 1),
(101, 27, 1),
(72, 28, 1),
(113, 28, 1),
(11, 33, 1),
(40, 33, 1),
(70, 33, -1),
(80, 33, 1),
(89, 33, 1),
(90, 33, 1),
(93, 33, 1),
(95, 33, 1),
(96, 33, -1),
(3, 37, 1),
(12, 37, -1),
(14, 37, -1),
(15, 37, 1),
(18, 37, 1),
(20, 37, 1),
(25, 37, 1),
(26, 37, 1),
(34, 37, -1),
(40, 37, 1),
(44, 37, -1),
(46, 37, 1),
(51, 37, 1),
(61, 37, -1),
(62, 37, 1),
(64, 37, -1),
(83, 37, 1),
(89, 37, 1),
(97, 37, -1),
(105, 37, -1),
(107, 37, -1),
(108, 37, 1),
(111, 37, 1),
(112, 37, -1),
(116, 37, 1),
(119, 37, 1),
(3, 39, 1),
(4, 39, 1),
(6, 39, 1),
(8, 39, 1),
(15, 39, -1),
(16, 39, -1),
(17, 39, 1),
(18, 39, 1),
(20, 39, -1),
(22, 39, 1),
(24, 39, 1),
(43, 39, 1),
(59, 39, -1),
(65, 39, 1),
(66, 39, -1),
(70, 39, 1),
(89, 39, 1),
(90, 39, 1),
(101, 39, 1),
(102, 39, 1),
(108, 39, 1),
(114, 39, 1),
(115, 39, 1),
(116, 39, 1),
(122, 39, 1),
(6, 40, 1),
(10, 40, 1),
(14, 40, 1),
(15, 40, 1),
(16, 40, 1),
(17, 40, 1),
(21, 40, 1),
(22, 40, 1),
(23, 40, 1),
(24, 40, 1),
(29, 40, 1),
(31, 40, -1),
(33, 40, 1),
(34, 40, 1),
(42, 40, 1),
(44, 40, -1),
(46, 40, -1),
(48, 40, -1),
(52, 40, 1),
(59, 40, -1),
(66, 40, 1),
(74, 40, 1),
(77, 40, 1),
(91, 40, 1),
(96, 40, -1),
(101, 40, -1),
(104, 40, -1),
(109, 40, 1),
(118, 40, 1),
(121, 40, 1),
(5, 42, 1),
(8, 42, 1),
(15, 42, -1),
(16, 42, 1),
(18, 42, -1),
(22, 42, -1),
(34, 42, 1),
(36, 42, -1),
(41, 42, 1),
(43, 42, 1),
(44, 42, 1),
(45, 42, 1),
(46, 42, -1),
(48, 42, 1),
(53, 42, -1),
(63, 42, 1),
(65, 42, -1),
(72, 42, 1),
(76, 42, 1),
(80, 42, 1),
(82, 42, -1),
(84, 42, -1),
(97, 42, 1),
(107, 42, -1),
(113, 42, -1),
(118, 42, 1),
(122, 42, -1),
(1, 43, 1),
(4, 43, 1),
(6, 43, 1),
(9, 43, 1),
(12, 43, 1),
(14, 43, 1),
(24, 43, 1),
(28, 43, 1),
(53, 43, -1),
(66, 43, -1),
(76, 43, 1),
(84, 43, 1),
(86, 43, -1),
(87, 43, -1),
(101, 43, -1),
(102, 43, 1),
(111, 43, 1),
(113, 43, 1),
(116, 43, 1),
(83, 44, -1),
(120, 44, 1),
(124, 44, -1),
(3, 45, 1),
(6, 45, -1),
(7, 45, -1),
(10, 45, 1),
(11, 45, -1),
(13, 45, 1),
(23, 45, 1),
(24, 45, -1),
(25, 45, 1),
(26, 45, 1),
(27, 45, -1),
(31, 45, -1),
(38, 45, -1),
(43, 45, 1),
(49, 45, 1),
(53, 45, 1),
(74, 45, 1),
(75, 45, 1),
(84, 45, -1),
(86, 45, 1),
(88, 45, 1),
(93, 45, -1),
(98, 45, -1),
(100, 45, 1),
(111, 45, 1),
(114, 45, 1),
(121, 45, 1),
(1, 46, -1),
(4, 46, 1),
(30, 46, 1),
(50, 46, 1),
(55, 46, -1),
(72, 46, 1),
(74, 46, 1),
(88, 46, 1),
(119, 46, 1),
(1, 47, 1),
(20, 47, 1),
(30, 47, -1),
(34, 47, 1),
(36, 47, -1),
(65, 47, 1),
(78, 47, 1),
(105, 47, -1),
(106, 47, 1),
(115, 47, 1),
(18, 48, -1),
(24, 48, 1),
(31, 48, 1),
(36, 48, 1),
(54, 48, 1),
(62, 48, 1),
(66, 48, 1),
(71, 48, 1),
(93, 48, -1),
(4, 51, 1),
(7, 51, 1),
(10, 51, -1),
(11, 51, -1),
(14, 51, 1),
(18, 51, -1),
(24, 51, -1),
(27, 51, 1),
(40, 51, 1),
(51, 51, 1),
(55, 51, 1),
(60, 51, -1),
(70, 51, -1),
(73, 51, -1),
(76, 51, -1),
(77, 51, -1),
(82, 51, 1),
(91, 51, 1),
(98, 51, 1),
(100, 51, 1),
(101, 51, 1),
(103, 51, -1),
(111, 51, 1),
(113, 51, 1),
(115, 51, 1),
(120, 51, -1);

-- Reports
INSERT INTO PrivatePoemReports(poemID, userID, reportText) VALUES
(61, 12, 'Dignissimos velit repudiandae eaque. Quo laboriosam alias sint.\nOccaecati in totam quo. Delectus inventore dolore corporis repellendus soluta qui quia. Non nihil eaque quae.\nUt impedit ab distinctio perspiciatis nihil quos. Quas quibusdam eaque error at.'),
(99, 12, 'Nobis maiores iure nemo laborum praesentium optio.\nDoloremque ipsum neque maxime similique ut inventore. Nobis nihil voluptate unde neque. Illo tenetur commodi iste repellat deleniti autem.'),
(101, 12, 'Suscipit facilis numquam ullam error. Eius saepe omnis perspiciatis odit. Eius optio amet natus ipsam temporibus consequuntur.'),
(10, 13, 'Aspernatur assumenda corrupti quibusdam veritatis iusto sapiente. Blanditiis quos quidem possimus corporis ipsam.\nOdit asperiores eligendi minima facere. Architecto et a voluptatem ratione error harum. Distinctio omnis officia sapiente maiores dolore.'),
(28, 13, 'Veniam dolore libero eveniet sequi perferendis. Laborum perspiciatis ducimus illum voluptatibus voluptate eius. Inventore neque necessitatibus quas.'),
(73, 13, 'Aspernatur dignissimos dignissimos omnis. Veritatis nam nisi necessitatibus accusantium consequuntur odio.'),
(92, 13, 'Labore fugit deserunt unde perferendis eius aspernatur corrupti. Quibusdam natus tempora odit excepturi. Magnam ut quod quia.\nVitae debitis impedit a temporibus esse. At nulla aspernatur maiores nesciunt. Maxime numquam quis similique illum distinctio.'),
(24, 32, 'Optio laudantium voluptatem deserunt necessitatibus nostrum laboriosam. Odio similique at esse ea fuga tempore. Fugit ipsum aliquid sed officiis quae itaque.'),
(72, 32, 'Corporis architecto voluptates officia ducimus iusto. Exercitationem quisquam at.\nSoluta veritatis iste nostrum voluptatum.\nEaque ad optio aperiam vitae. Adipisci distinctio praesentium accusamus.'),
(74, 32, 'Consectetur autem eos. Maxime ut nihil laborum. Quae dolorum ipsa quas provident.\nInventore corrupti officiis nostrum ad iusto at a. Odio ad exercitationem quis excepturi quibusdam.'),
(81, 32, 'Способ забирать рабочий. Что потом направо а выразить хотеть мусор. Инфекция тревога изучить роскошный невыносимый задрать.'),
(5, 45, 'Рабочий некоторый правление рот. Терапия покинуть неудобно неправда пропадать карман салон.'),
(43, 45, 'Odio id deserunt illum aspernatur praesentium maxime rerum. Dicta maiores vero magni corrupti aliquam consectetur assumenda.\nEx quas vero.\nVoluptatibus officiis hic modi eos. Ex porro rem mollitia numquam at tempora.'),
(107, 45, 'Ullam suscipit mollitia blanditiis sed beatae perferendis. Magni quod magni nesciunt dolorum. Qui natus eveniet quaerat quos tempora placeat.'),
(7, 48, 'Sunt eum delectus laborum optio error. Debitis earum incidunt praesentium laboriosam magnam. Ratione voluptates error praesentium ab voluptatibus.'),
(20, 48, 'Efter funktion skib af hud hit forekomme. Strøm hals alene uddanne fange køkken. Tid bred spænding facilitet øjeblik helt afgørende jæger.\nMål rykke disse tæt gul nederlag. Etage også sig som smag behandling vælge. Tildele begrænsning fond.'),
(24, 48, 'Et illum ab natus expedita.\nAliquid dolorem facere consectetur eveniet. Nisi fuga dolorem neque sit adipisci explicabo odio.\nCorrupti nam dolore corrupti nemo nesciunt corrupti. Facilis nulla autem adipisci assumenda optio.'),
(67, 48, 'Provident quia neque facilis. Rem aspernatur eveniet quisquam.\nQuis temporibus beatae exercitationem iure culpa. Non facilis eum ea saepe voluptatum. Reiciendis rem ea assumenda quasi tenetur.');

-- Follower
INSERT INTO UserFollowing(userID, followedUserID) VALUES
(2, 17),
(2, 22),
(2, 44),
(3, 19),
(3, 38),
(3, 48),
(5, 3),
(5, 12),
(5, 16),
(5, 31),
(5, 34),
(5, 46),
(5, 50),
(6, 13),
(6, 14),
(6, 17),
(6, 25),
(6, 27),
(6, 40),
(7, 4),
(7, 17),
(7, 19),
(7, 27),
(7, 30),
(7, 34),
(7, 37),
(7, 45),
(8, 2),
(8, 7),
(8, 25),
(8, 36),
(8, 45),
(8, 46),
(8, 51),
(10, 6),
(10, 18),
(10, 34),
(10, 36),
(10, 43),
(10, 51),
(11, 8),
(11, 10),
(11, 24),
(11, 35),
(11, 40),
(11, 48),
(14, 2),
(14, 3),
(14, 8),
(14, 11),
(14, 13),
(14, 41),
(14, 46),
(14, 48),
(15, 14),
(15, 50),
(16, 2),
(16, 5),
(16, 7),
(16, 9),
(16, 26),
(16, 29),
(16, 37),
(18, 39),
(18, 41),
(19, 14),
(19, 39),
(19, 48),
(19, 51),
(22, 29),
(22, 30),
(22, 42),
(26, 7),
(26, 11),
(26, 30),
(26, 36),
(27, 6),
(27, 42),
(27, 43),
(27, 51),
(28, 21),
(28, 22),
(28, 39),
(28, 47),
(29, 4),
(29, 19),
(29, 44),
(31, 7),
(31, 9),
(31, 33),
(31, 43),
(32, 5),
(32, 6),
(32, 11),
(32, 18),
(32, 49),
(34, 21),
(34, 49),
(34, 50),
(36, 13),
(36, 23),
(36, 38),
(37, 2),
(37, 4),
(37, 24),
(37, 28),
(37, 30),
(37, 31),
(37, 34),
(39, 9),
(39, 25),
(39, 33),
(39, 34),
(39, 47),
(40, 17),
(40, 22),
(40, 28),
(40, 29),
(41, 36),
(41, 39),
(41, 50),
(43, 18),
(43, 20),
(43, 23),
(43, 36),
(43, 39),
(43, 41),
(45, 8),
(45, 21),
(45, 22),
(45, 35),
(46, 4),
(46, 7),
(46, 16),
(46, 30),
(46, 33),
(46, 37),
(46, 41),
(47, 10),
(47, 27),
(47, 33),
(47, 34),
(47, 35),
(48, 8),
(48, 11),
(48, 37),
(48, 38),
(48, 39),
(48, 40),
(49, 13),
(49, 15),
(49, 30),
(49, 34),
(51, 2),
(51, 7),
(51, 9),
(51, 41),
(51, 42),
(51, 50);
